Issue Id,Issue Type,Summary,Description,Priority,Story Points,Parent Id,Inward issue link (Blocks),Labels,Labels,Labels
1,Epic,Sending invites,"Requirements under ""Team Invites > Requirements > Sending invites"".",,,,,prd2backlog-EP-2f525c,,
2,Epic,Accepting invites,"Requirements under ""Team Invites > Requirements > Accepting invites"".",,,,,prd2backlog-EP-8bb632,,
3,Epic,Managing invites,"Requirements under ""Team Invites > Requirements > Managing invites"".",,,,,prd2backlog-EP-2f8b9d,,
4,Epic,Team Invites: non-functional requirements,"Requirements under ""Team Invites > Non-functional requirements"".",,,,,prd2backlog-EP-ea441d,,
5,Story,Invite teammates by entering one or more email addresses,"As a workspace admin, I want to invite teammates by entering one or more email addresses, so that it supports the goal ""Let workspace owners add their team without contacting support"".

h4. Acceptance criteria
* *Given* a workspace admin, *when* an admin submits up to 20 valid addresses, *then* each address receives an invite email within 2 minutes
* *Given* a workspace admin, *when* an address is malformed, *then* the form shows an inline error and no invite is sent for it
* *Given* a workspace admin, *when* the address already belongs to a member, *then* the admin sees ""already a member""

h4. Traceability
* REQ-456a6d (examples/team-invites.md:27): Workspace admins can invite teammates by entering one or more email addresses.

Estimate rationale: base 1; +2 for 3 acceptance criteria; +1 measurable performance target (within 2 minutes) = score 4 -> 5 pts",Medium,5,1,,prd2backlog-ST-456a6d,benefit-inferred,
6,Story,Set the role (Admin or Member) for each invite,"As a workspace admin, I want to set the role (Admin or Member) for each invite, so that it supports the goal ""Keep workspace membership auditable for security reviews"".

h4. Acceptance criteria
* *Given* a role is selected, *when* the invite is accepted, *then* the new member has that role

h4. Traceability
* REQ-b5ddb7 (examples/team-invites.md:31): Workspace admins can set the role (Admin or Member) for each invite.

Estimate rationale: base 1 = score 1 -> 1 pt",Medium,1,1,,prd2backlog-ST-b5ddb7,benefit-inferred,
7,Story,Resend a pending invite,"As a workspace admin, I want to resend a pending invite, so that it supports the goal ""Keep workspace membership auditable for security reviews"".

h4. Acceptance criteria
* *Given* a workspace admin, *when* the workspace admin resends a pending invite, *then* resending generates a new link and invalidates the previous one

h4. Traceability
* REQ-cb792f (examples/team-invites.md:33): Workspace admins can resend a pending invite.

Estimate rationale: base 1 = score 1 -> 1 pt",Medium,1,1,5,prd2backlog-ST-cb792f,benefit-inferred,
8,Story,Accept an invite from the email link and join the workspace,"As an invitee, I want to accept an invite from the email link and join the workspace, so that it supports the goal ""Let workspace owners add their team without contacting support"".

h4. Acceptance criteria
* *Given* an invitee, *when* an invitee with an existing account opens a valid link, *then* they join the workspace after one confirmation click
* *Given* an invitee, *when* an invitee without an account opens a valid link, *then* they are taken to sign-up with the email prefilled

h4. Traceability
* REQ-c1b247 (examples/team-invites.md:38): Invitees can accept an invite from the email link and join the workspace.

Estimate rationale: base 1; +1 for 2 acceptance criteria = score 2 -> 2 pts",Medium,2,2,5,prd2backlog-ST-c1b247,benefit-inferred,
9,Story,Invite links must expire after 7 days,"As a workspace admin, I want invite links to expire after 7 days, so that it supports the goal ""Let workspace owners add their team without contacting support"".

h4. Acceptance criteria
* *Given* a workspace admin, *when* an invitee opens an expired link, *then* they see an expiry message and a button to request a new invite

h4. Traceability
* REQ-2ab69f (examples/team-invites.md:41): Invite links must expire after 7 days.

Estimate rationale: base 1 = score 1 -> 1 pt",High,1,2,5,prd2backlog-ST-2ab69f,benefit-inferred,
10,Story,The invite flow should be fast and easy for invitees,"As an invitee, I want the invite flow to be fast and easy for invitees, so that it supports the goal ""Let workspace owners add their team without contacting support"".

h4. Acceptance criteria
* *Given* an invitee, *when* the behaviour is exercised, *then* the invite flow should be fast and easy for invitees

h4. Traceability
* REQ-b7f7fa (examples/team-invites.md:43): The invite flow should be fast and easy for invitees.

Estimate rationale: base 1 = score 1 -> 1 pt",Medium,1,2,5,prd2backlog-ST-b7f7fa,benefit-inferred,
11,Story,"View all pending invites with sender, role and sent date","As a workspace admin, I want to view all pending invites with sender, role and sent date, so that it supports the goal ""Keep workspace membership auditable for security reviews"".

h4. Acceptance criteria
* *Given* a workspace admin, *when* the workspace admin views all pending invites with sender, role and sent date, *then* workspace admins can view all pending invites with sender, role and sent date

h4. Traceability
* REQ-51ea02 (examples/team-invites.md:47): Workspace admins can view all pending invites with sender, role and sent date.

Estimate rationale: base 1 = score 1 -> 1 pt",Medium,1,3,5,prd2backlog-ST-51ea02,benefit-inferred,
12,Story,Revoke a pending invite,"As a workspace admin, I want to revoke a pending invite, so that it supports the goal ""Keep workspace membership auditable for security reviews"".

h4. Acceptance criteria
* *Given* a workspace admin, *when* an admin revokes an invite, *then* its link stops working immediately

h4. Traceability
* REQ-b39715 (examples/team-invites.md:48): Workspace admins can revoke a pending invite.

Estimate rationale: base 1 = score 1 -> 1 pt",Medium,1,3,5,prd2backlog-ST-b39715,benefit-inferred,
13,Story,"Record an audit log entry for every invite sent, accepted, resent or revoked","As a workspace admin, I want the system to record an audit log entry for every invite sent, accepted, resent or revoked, so that it supports the goal ""Let workspace owners add their team without contacting support"".

h4. Acceptance criteria
* *Given* a workspace admin, *when* the system records an audit log entry for every invite sent, accepted, resent or revoked, *then* each entry includes actor, target email, action and timestamp in UTC

h4. Traceability
* REQ-55acad (examples/team-invites.md:50): The system must record an audit log entry for every invite sent, accepted, resent or revoked.

Estimate rationale: base 1; +1 security or compliance (audit) = score 2 -> 2 pts",High,2,3,,prd2backlog-ST-55acad,benefit-inferred,
14,Story,Invite emails must be sent through the existing transactional email provider,"As a workspace admin, I want invite emails to be sent through the existing transactional email provider, so that it supports the goal ""Let workspace owners add their team without contacting support"".

h4. Acceptance criteria
* *Given* a workspace admin, *when* the behaviour is exercised, *then* invite emails must be sent through the existing transactional email provider

h4. Traceability
* REQ-9b69c7 (examples/team-invites.md:55): Invite emails must be sent through the existing transactional email provider.

Estimate rationale: base 1; +2 external integration (email provider) = score 3 -> 3 pts",High,3,4,5,prd2backlog-ST-9b69c7,non-functional,benefit-inferred
15,Story,Rate-limit invites to 200 per workspace per day,"As a workspace admin, I want the system to rate-limit invites to 200 per workspace per day, so that it supports the goal ""Reduce time from workspace creation to first collaborator joining to under 1 day"".

h4. Acceptance criteria
* *Given* a workspace admin, *when* the system rate-limits invites to 200 per workspace per day, *then* the system must rate-limit invites to 200 per workspace per day

h4. Traceability
* REQ-03f995 (examples/team-invites.md:56): The system must rate-limit invites to 200 per workspace per day.

Estimate rationale: base 1; +2 distributed-state complexity (rate-limit) = score 3 -> 3 pts",High,3,4,,prd2backlog-ST-03f995,non-functional,benefit-inferred
16,Story,Invite tokens must be single-use and at least 128 bits of entropy,"As a workspace admin, I want invite tokens to be single-use and at least 128 bits of entropy, so that it supports the goal ""Let workspace owners add their team without contacting support"".

h4. Acceptance criteria
* *Given* a workspace admin, *when* the behaviour is exercised, *then* invite tokens must be single-use and at least 128 bits of entropy

h4. Traceability
* REQ-c74591 (examples/team-invites.md:57): Invite tokens must be single-use and at least 128 bits of entropy.

Estimate rationale: base 1; +1 security or compliance (tokens, entropy) = score 2 -> 2 pts",High,2,4,5,prd2backlog-ST-c74591,non-functional,benefit-inferred
